coin,sell_spread_ma_M,buy_spread_ma_M,sell_spread_sd_M,buy_spread_sd_M,sell_spread_ma_L,buy_spread_ma_L,sell_spread_sd_L,buy_spread_sd_L,current_sell_spread,current_buy_spread,score,hyperliquid_funding_rate,hyperliquid_open_interest,hyperliquid_day_volume
PENDLE/USDT,0.0007513248261430637,0.0014996996455251563,0.0006358822577040682,0.0006629242608507084,0.0008597960898179313,0.0015531845565582418,0.0005435955755781829,0.0005268730184724261,0.0018065207148247572,0.002613011205793902,0.801611004488734,7.135e-05,12622608.034400001,12300760.4045
RUNE/USDT,0.0006817640776888488,0.0013666702427101416,0.0007906976918636789,0.000764844437736642,0.00026107968215931834,0.0010292066203070368,0.0004944387740961072,0.0004556567815151123,0.0007946298874386985,0.0014220479796056664,0.7857196914275743,4.929e-05,12094153.047600001,14983470.12057
FXS/USDT,0.0009948518777373283,0.002151407227565708,0.0006702315990825684,0.0006301046802333094,0.0007710865444932984,0.0019868915644215466,0.0006499615984744952,0.0003455508176562499,0.001590679444623256,0.0025752715592016894,0.6726478702202306,7.759e-05,3495253.1934399996,999564.90022
BRETT/USDT,0.0008404241973488289,0.0015361605014796082,0.0004480408859360299,0.0004287039854406877,0.0007506884680477695,0.0015666343309728343,0.00032207449928188216,0.00023491308203184728,0.0009651442088382945,0.001810435472994528,0.619765616648346,1.25e-05,3275712.80288,1890613.62425
CAKE/USDT,0.0006809182913010945,0.0015430580269515525,0.0005927107509625813,0.0005511113332234986,0.001500771345816057,0.002307101299514838,0.000324479063053072,0.00034807160533132834,0.0016449886362344469,0.0027440701092778077,0.568944355241459,1.25e-05,806763.75048,1506231.64815
SUI/USDT,-5.3578146237026375e-05,0.00021249065044390693,0.0004885100421016695,0.0005133971040318185,-0.00038735643652351465,-0.00010552373013906469,0.00044311583137265106,0.00048324473769246524,-0.00043990784273103,-0.0002514043175077288,0.4944449804963321,1.25e-05,40516601.8915,92116016.36227003
KAS/USDT,0.000986974944794017,0.0015118800529310653,0.0005405855408219555,0.00045177576119357764,0.0009475127315043153,0.0015331293204083613,0.00038203250502879074,0.00024268594751162783,0.0014280642986452862,0.001752932830297395,0.45584272734639947,1.25e-05,784218.6429600001,1259183.00606
ZK/USDT,0.0009088346896711163,0.0017285010485831379,0.0015927478890228105,0.0016382643348475515,0.001086198566754174,0.0019520926724588248,0.00047237843148196775,0.00031142896682731074,0.0012307664850255604,0.0019789139429728583,0.44214729261647207,1.25e-05,4788624.83926,1902820.79932
BTC/USDT,0.000800393948615833,0.0008126946089234994,0.00032455109479127446,0.0003235617067265206,0.0008249909064837501,0.000835260357296249,0.0001789004531620455,0.00017921131043302865,0.0008473320461398504,0.0008569446781488775,0.434249218609839,2.465e-05,992654434.9304401,3624233857.582899
JTO/USDT,0.0003279825845714984,0.0010886370367439132,0.0005909663487752134,0.000611159473268082,0.0008027054333968415,0.001532432139986084,0.00026292961938029295,0.0003075936307714253,0.0009490096567030521,0.001577276153647384,0.388493982772139,3.423e-05,7363891.33,4896183.8234
BNT/USDT,0.00010270491418223777,0.0025605433642931974,0.0009670135006499248,0.0008659394439517259,0.0004962671954852548,0.0028600516656889004,0.0004875382617550051,0.0005462898421197419,0.00043121160514540295,0.002404313572759826,0.2565185809918374,1.25e-05,491340.6156,147343.44268
CHILLGUY/USDT,,,0.0013263977970752227,0.0010932558234327322,0.0014459508849286363,0.002343502936127247,0.0008433341185905902,0.0008773852587771746,0.0005504713145964002,0.0011747763895604254,0.24981712393508787,1.25e-05,6747122.470199999,13853767.62314001
ETH/USDT,0.0008650361209019202,0.000899659533091074,0.0005112548560042462,0.0005133964518461656,0.0004919944392524349,0.0005268701429382493,0.00025321512726176416,0.00025147784159812724,0.00038197269315558345,0.000409761601442296,0.23102420271073865,1.25e-05,859455262.8382,2690060223.466861
EIGEN/USDT,0.0006239399610604545,0.0012728808615276466,0.0005993370828550007,0.0006337837675463856,0.0003151120365154684,0.0009149661383131468,0.0005085216437598689,0.0005295320088442992,0.00028551332371452056,0.0009183689039579951,0.1841293993371179,4.151e-05,27026860.947722003,16067031.368781
UNI/USDT,0.0008037411950489582,0.0014373154700329368,0.0006253309488485555,0.0006135525262069285,0.0009182964522641775,0.0015725519532283098,0.0008299791887032791,0.0008213017245094084,0.0010656991193315336,0.0017045941540083575,0.16448940922754018,1.25e-05,7808656.3918,16964440.40150001
ZRO/USDT,0.0006755244436546619,0.0012148558872557553,0.0007909467814732692,0.0008156936518399649,0.0006556220938046364,0.001076922683112643,0.000266838030950979,0.0003178014269691463,0.0008894269474465736,0.0014876683951797664,0.10222151948928881,1.25e-05,8367003.46044,12192107.07641
OP/USDT,-1.0026790383169172e-05,0.0004109149548922654,0.00043291570124524376,0.00043467781364982683,0.00016724912982493524,0.0005604969509855427,0.0003383894753493302,0.00030316829591926244,3.95802177483386e-05,0.0005536854144535343,0.06763772661034478,4.879e-05,14406683.575019998,18673499.85728
RENDER/USDT,0.0011514493461331962,0.0016160921507302787,0.0004677609370192901,0.00041561695501372175,0.0010013292074743543,0.0014380927809065013,0.0003481978566867514,0.00028868931756044453,0.001306330745006844,0.0015352885482204045,0.044884666861261184,1.25e-05,5468010.95424,3207968.40086
BLUR/USDT,5.1164453221591414e-05,0.0008440394926237471,0.0005710599498384684,0.0005495710249746482,4.450268624666061e-05,0.0009066460414456249,0.0006032226234817593,0.0005422807473012662,0.0011385748877917104,0.0018014077928802956,0.009094672702971362,1.25e-05,2008266.10204,3789813.47459
INJ/USDT,0.0003483537917071055,0.0008800486740196876,0.0004133310018001416,0.00042378537458339234,0.0006563570915347915,0.0012127414872484938,0.00017211807871855386,0.0001359503537555196,0.0008196786566454037,0.0011764155926371296,-0.01006896244456163,1.25e-05,3387889.5920000006,9924848.2227
AR/USDT,0.001144998861225017,0.0021935479271436398,0.00045489565359830333,0.0004274331451578089,0.00128518007466143,0.0022775432519823017,0.0003964525762803128,0.0003091165797672284,0.0018610597143809062,0.0023615124223451177,-0.044798434707932655,1.25e-05,2059301.4155599999,4334343.00514
ENS/USDT,0.0006380062209187676,0.0011450225230388174,0.0005087562777912866,0.0004941870033755086,0.0006422438616698596,0.0011414462302889576,0.0002483253602354134,0.00024369890083352261,0.0012988945893109755,0.0017603513997975957,-0.08094267796936987,1.25e-05,1514954.04474,3452638.53471
LDO/USDT,0.0007925345967489914,0.001383221437881027,0.0006627932511665027,0.000648490489052157,0.0009117175340833583,0.0014895731596550694,0.0003694440716845249,0.0003849755726117575,0.0009550785370416722,0.0016504763334916673,-0.13635169082540977,1.25e-05,14937835.0608,44178460.02990999
STRK/USDT,0.00036526703999642984,0.0009226932892377315,0.00047480799611616654,0.0004016901280085228,0.0005281549469547743,0.0009685835572163948,0.0002549432025008255,0.0002453820974847811,0.0005831906353540977,0.000993374355656632,-0.15866132145606676,1.25e-05,2152377.92538,4338759.793433
WIF/USDT,0.00010499142649987009,0.0007630413389222081,0.0005998674735699331,0.0005555655376914806,-0.0002970068739561871,0.0004581004883964336,0.00037417081696744834,0.0003829731140010188,-3.6271424689260754e-05,0.0007980036744181996,-0.18617357383413335,1.25e-05,25207979.62,39025692.5167
GMX/USDT,0.0010011533865150557,0.0019378304153873102,0.0005072048409656257,0.0005078741659543747,0.0010890025369652662,0.0021083416609534037,0.00028682094160014065,0.00026096382253039326,0.0013262599469495266,0.002203301089747267,-0.19810043430081,1.25e-05,1723080.51272,1391840.95339
FIL/USDT,0.000855988166231204,0.0012648827853204729,0.0004554295550045166,0.00044506966808207114,0.0008641251621482466,0.0012710044336907327,0.0003644107811978784,0.0003679667803705982,0.0005411090446597796,0.0009921607810620663,-0.22266721765242525,1.25e-05,2387043.4239999996,5172109.02461
LTC/USDT,0.0011589761998944087,0.0016672850070513464,0.0005362096854618755,0.0005222164522356456,0.001119801723374842,0.001559563410403412,0.000274615141476094,0.0003205094523716425,0.0010748394465042138,0.0016540088205592915,-0.25642028274358625,1.25e-05,55708493.855,43959808.66399999
SUSHI/USDT,0.0009280891650823978,0.0018360512741899839,0.0005725960216723933,0.0005728305517993504,0.0007555188434068172,0.0016478560572033675,0.0002494274297810671,0.0003740731850335884,0.0010397276490757244,0.0015602652908215968,-0.2914874057661094,1.25e-05,811782.6048,1854776.60815
PNUT/USDT,0.00021603702837666281,0.0010299652491654013,0.0007462065282048306,0.0009182037507458389,5.0771905372754603e-05,0.0008979840758283734,0.0003932997970478128,0.0004073875352524999,-0.00037413717341960417,0.0005615927761567597,-0.3259832131993685,1.25e-05,4475359.2981,12683427.806144
ALGO/USDT,0.00040011774882565114,0.0011994342878163258,0.00048662974495571726,0.00047760633950230837,0.0004935228164132834,0.001270343705439274,0.0003106675476146844,0.00030516523655745557,0.0008147175789884316,0.001630163995212643,-0.35535568720836563,1.25e-05,785298.7302999999,1126030.1714
WLD/USDT,0.0006020854958428087,0.0009863018973324386,0.0008230671230500686,0.000784605359763787,-0.0003623594278989035,0.00012384395529784156,0.0003283181946853287,0.0003950909102544688,-0.0005368990219497392,0.00010074581284938787,-0.3743883440588449,1.25e-05,13316020.53342,19775126.08219
IMX/USDT,0.0002267058083919476,0.0010194446022147913,0.0004279069441453164,0.00036772137845218495,7.594266774458052e-05,0.0008010947314306768,0.0002664824570277262,0.00020343155379662028,0.0002492375938670509,0.0009865272633941225,-0.37966887262311005,1.25e-05,916338.0373999999,1189525.58309
BCH/USDT,0.00040361974185206694,0.0009663764578644083,0.00046328748794660505,0.00046051518733436367,5.1619227350427535e-05,0.0006361541184821862,0.00024352881093720602,0.00024205141195244516,0.0002778066178343633,0.0007782010694598008,-0.4022659302781757,1.25e-05,1992337.8951799998,7595929.66337
POL/USDT,0.0004767943046925936,0.0009600602605563589,0.0004342163553285424,0.00041155183639995284,0.0006139463584235698,0.0011072860823844169,0.00024755659414965955,0.00027839134425886324,0.0001831081681278141,0.0005995720565358026,-0.4518850507119627,1.25e-05,1101260.3942399998,3570968.30729
PYTH/USDT,2.0193262354767835e-05,0.0005685004350633517,0.0004516956528868462,0.00044188570423982345,-6.909899706296724e-06,0.0005847037681450753,0.0003249746475883766,0.0003482399239686938,0.0004222813371840902,0.001034882097436793,-0.46989535680920247,1.25e-05,1088188.34176,1913272.81742
MEW/USDT,1.556122799097903e-05,0.0008290022082397307,0.00045588847621903827,0.00043316237860237125,-0.00032230249594460706,0.0005449999721420488,0.0003773710162656816,0.0003934034814085012,-0.000259752141328473,0.0005198782229999479,-0.47262374995286777,1.25e-05,1485083.8580160001,2188170.046879
SOL/USDT,0.0006494471426893834,0.0007656868878503212,0.0004830245611044992,0.000492466227346868,0.0005721064153073163,0.0006720267498360175,0.00017146106800287235,0.000181137893687697,0.0006710317679442515,0.0008052834119639283,-0.47368801956645606,1.25e-05,315084634.057,710912154.6659
XRP/USDT,0.0010748539606222343,0.0012264997180790836,0.0007595766281509212,0.0007733541741433058,0.0005278968617552073,0.0006392262597787471,0.00021876044774044804,0.00022829981978666095,0.000499995527004469,0.0006666471548792379,-0.48569711675398686,1.25e-05,69589604.13859999,195457428.86069995
DYM/USDT,0.0008516112415102667,0.0019915031423873553,0.0005662391192552891,0.0005524091348949143,0.001214621453734983,0.0024164023471777356,0.0003374666431064983,0.00022084630120581096,0.001188483828805992,0.002280035574344567,-0.5234416972091878,1.25e-05,894190.9548000001,1344130.52314
ADA/USDT,-0.0003361482290471976,0.00012081045638368032,0.0003201629294947205,0.00032690243822711183,-0.0004636924077001245,4.909630800248762e-05,0.00023049124295858339,0.00022413754258722072,-0.0006474978431346227,-9.246326439119316e-05,-0.5296551147978861,1.25e-05,9374736.48768,21704302.71410001
SAND/USDT,0.0009272969645614608,0.0015033151274270614,0.0006888366465810674,0.0006659918966917928,0.0010057197201421117,0.0015243810763110972,0.0003888020937583689,0.0003574877665948757,0.0013873420940537229,0.0019237259737644081,-0.5648576763401986,1.25e-05,386896.2778,2589772.73973
GOAT/USDT,0.0007194189443803331,0.0015730518279810032,0.0009022603511825209,0.0008429840450310112,0.0007779780439702149,0.0016090788319862686,0.0008218097270542237,0.0007829071765525745,0.0018260582633641228,0.0025663722921700567,-0.5855685310815764,1.25e-05,20825694.812000003,20474835.42471001
HBAR/USDT,0.0005923735188224289,0.0011451729255010537,0.00047610590877603315,0.0004761107787906271,0.00025833119044320324,0.0008031049903989677,0.00029689630306799816,0.00031546192636722735,0.0005599587654016154,0.0010504195855523786,-0.5966309041934075,1.25e-05,2950328.5841599996,6820805.17851
ETC/USDT,0.0007834093115877651,0.0012844533574510187,0.0004659115559803802,0.0004593445762066299,0.000501393046096491,0.0009843965667885848,0.0003073247561622689,0.0003508985870820406,0.0005678449358258674,0.0009267262457374897,-0.6872517374751856,2.66e-06,1315218.17802,2651280.61065
TON/USDT,-0.00037993133565952,-4.597899267690746e-05,0.0003366440502069041,0.0003325535700642341,-0.0004930194636935235,-0.00014951855724717894,0.00017684085856750842,0.0001853156246650743,-0.0005517971923481673,-0.0002680411289182036,-0.7041844534563516,1.25e-05,3232813.86392,3419359.17419
APE/USDT,0.0008217729954586876,0.001424484178305524,0.0005018905232274266,0.000497630570656533,0.0007406749972366085,0.00139073787638114,0.00038477110709511815,0.0004040076469404755,0.0013261878757700226,0.0019585222856908766,-0.7114331750622582,1.25e-05,3565824.0744,3734696.30171
DYDX/USDT,0.0007471407931564644,0.0018519923927121258,0.0005423701959794393,0.0005212362966171258,0.0006499754622749961,0.0017595182211532084,0.00042471781552300716,0.00042191758550420475,0.00023290086025750292,0.0017249411914176235,-0.7150155786100506,1.25e-05,9515231.0688,11925819.03374
FTM/USDT,0.0009172826933082656,0.001377131589890227,0.000655940079036998,0.0006127268995513105,0.0006521236316505416,0.001125640064439251,0.0005707931715401488,0.0005090901291026947,0.0013975023894408965,0.0017635321612682136,-0.7251538912906753,1.25e-05,37331609.6928,121635451.90380003
BNB/USDT,0.0008358253033922845,0.0010195386686839673,0.0005817807508928689,0.0005877824400438706,0.00024514613094398364,0.00038859272336151516,0.0001925242775566607,0.00018673869241530647,0.0003922297347582184,0.0005043643762434279,-0.7339985188552381,1.25e-05,24335619.528,38165104.17092002
AVAX/USDT,0.0006656678982514757,0.0009499013998902736,0.0005346042081377675,0.000548562841549083,0.00013963075472242265,0.0003954389021996391,0.0003106896179997434,0.00033555900766573873,0.0006785956674159006,0.0009383614548915703,-0.7343901607937332,1.25e-05,14964789.662400002,39529081.66087002
NOT/USDT,0.00024123311570255795,0.0009241789321343119,0.000390528755623069,0.00038761865652049595,0.0004024837626165349,0.0011148457747113428,0.00016572583129915945,0.00019975266728615817,0.0005003951763041744,0.0013766819902593587,-0.7404121852253371,1.25e-05,993393.7459239999,1232741.293886
ORDI/USDT,0.0006890498326003947,0.0013917227848176741,0.0005244199915481402,0.0004784705051245748,0.0004067643278868074,0.0010404457777592714,0.00033939780781328086,0.00035965630960517437,0.0003102276194787901,0.0010440516418044343,-0.8188409890811614,1.25e-05,1871901.21204,5515776.24048
GALA/USDT,0.0002490738957005997,0.0009021923487283268,0.000682069265200725,0.0006269733652373147,0.0007926755248367051,0.001416037088034584,0.00042410284919746857,0.0004054946595457418,0.0013472342836684315,0.001980841123305568,-0.8271029561535123,1.25e-05,872330.43337,3172290.533057
PENGU/USDT,,,0.002132242300071338,0.0021418702970812243,0.002794147403808242,0.004300494438730372,0.0014477512798040703,0.0017227983159312386,0.0010686828489439087,0.004440845797861835,-0.8528142995820862,5.899e-05,44484998.414699994,155650106.1690719
JUP/USDT,-0.0006195575199709072,6.591196385671826e-06,0.0004213934143624459,0.00041589840448499915,-0.00011721873329456956,0.0004378317604858128,0.00024856830232755655,0.00021281408560701564,-9.186376274647203e-05,0.0003676343058391017,-0.8641324252815035,1.189e-05,4500131.375440001,5997116.9379
W/USDT,0.0005538752622600129,0.0012387835001256928,0.0005817337398278594,0.0005351529852966697,0.00044074728022604903,0.0011613783786520802,0.00020460205311525153,0.0002687584040095476,0.00041676149655048473,0.0012213161810544595,-0.8713819062285973,1.25e-05,1008802.3909600001,1843128.554487
AAVE/USDT,0.0008038956486502856,0.0012467759889070098,0.0005695283568503638,0.0005472862790281663,0.0005520717601065439,0.001045280398186276,0.0006597966503857809,0.000592106833323953,0.00029369670099952056,0.000583707782267703,-0.8816607574637378,1.25e-05,30336217.867799997,79015926.6872
TIA/USDT,0.0007955965356754473,0.0013068442308363242,0.000480888671950748,0.0004843503990659469,0.0006121934277427074,0.0011285249623065507,0.0003553416502875567,0.00037382897312829196,0.0003150135341292364,0.0009306538609619625,-0.9059443953311781,1.25e-05,13422657.092799999,22045183.91484
MKR/USDT,0.0009004396524144931,0.0015817793547918276,0.0008023394742001744,0.000674502589507941,0.0008817823161749819,0.0016177692090786804,0.00030214923140826726,0.00031294042553364515,0.0010249852254381685,0.0016920348592203997,-0.9247088615324347,1.25e-05,11836628.59392,8977823.03283
MANTA/USDT,-0.00016833528835486853,0.0008101194031959261,0.0005096970579140909,0.00047337851475172306,0.0001385370650348762,0.0012281611243201327,0.00029550256241874586,0.0002819386170968529,0.00036576615112479774,0.0015560778654958101,-0.9383423579807103,2.14e-06,810596.80112,1930754.965095
LINK/USDT,0.0008458981014867411,0.0012603303642831636,0.0007211083443729916,0.0007415690293838058,0.001037143017650135,0.0014562626061915655,0.0007113916364098339,0.0007791378683000377,0.0005535695653630882,0.0009032572176245377,-0.9445379151989387,1.25e-05,104065949.3764,83293498.22750002
PEOPLE/USDT,-8.864082843882835e-05,0.0007945475587785176,0.00041680649061458756,0.00037248075045808067,1.188497986072945e-05,0.0008825020139724617,0.00025047649187398844,0.00026420633188641,-0.00016776818673981325,0.0006379261700443383,-0.9930276050654233,1.25e-05,515125.23531,1424631.174905
FET/USDT,0.0005979497885080991,0.0011265131249648332,0.0005194992297488095,0.0004754817696569702,0.0001801426443721562,0.0006096964370044068,0.00018160807185036142,0.00019263211854905537,0.00017230756813225122,0.0005745590503652447,-0.9964373770879639,-2.81e-06,4966455.1728,5515367.2806
DOT/USDT,-0.00034403560595184764,0.00015057096178367323,0.0004023577574864604,0.00038222351911000986,-0.0004946056293087765,4.546243808214656e-05,0.00020294624309046864,0.00021748787808297348,-0.0001810990510866662,0.00018113227503129497,-1.003967622436545,1.25e-05,2531231.8755,9088368.2686
ARB/USDT,-0.00019136539829134024,0.0009919708047598597,0.0005691230678149601,0.0005275893064016913,-0.0006455311208948714,0.0005512550110082099,0.0005173190428154884,0.00038273662038080375,-0.0002993576065033038,0.0007991419210063499,-1.029748546329111,1.25e-05,9548765.700968001,11378709.380161
ATOM/USDT,0.0006740873935615391,0.0011588712137068592,0.0005175815461458306,0.0004876442295438679,0.0007076654077316043,0.0012626997210348036,0.0003598384106126363,0.00030617600701296553,0.00047303913176273036,0.0014648497678897213,-1.038642103282404,-1.21e-06,7960615.321002,10243820.171262
MINA/USDT,0.0008122459144347891,0.0015666202822617336,0.0005925007188421432,0.00046486182447696907,0.0008646361126524397,0.001535332706589419,0.0003862826544578691,0.0004005013521963882,0.0015786454108677591,0.0022592330259843764,-1.0463570636807717,1.25e-05,692079.1129000001,683115.10344
STX/USDT,0.0009017232184495993,0.0015372752417735043,0.0005497269211461119,0.0006065872142853401,0.0006600043519329847,0.001292373010696921,0.0004302027463829719,0.0004558142081217344,0.00042086180220663057,0.0012432581227796587,-1.0713260258132646,1.25e-05,6312919.6722800005,9252633.0976
BOME/USDT,-8.175759281514815e-05,0.0007063363960010149,0.00034321494673250603,0.0003354667901660547,-0.0003216684530091486,0.0004929441886117971,0.0003184802826578017,0.00036655833227963394,-0.00024463531366551575,0.0004894283531667266,-1.102703535086832,1.25e-05,386354.884896,2023865.921173
DOGE/USDT,0.0006639585106716211,0.0008009094703051411,0.000612443606691241,0.0006013401871076678,0.0006933782329486173,0.0008161334437818966,0.0003181712286590819,0.0003076186721018231,0.0007924671040837941,0.0008668378744646136,-1.1119686948526635,-2.038e-05,141038140.6155,185243830.08677
CELO/USDT,0.00034116432130839355,0.0013777543566867315,0.0005261151164183145,0.0004123668987286749,0.00033820807676326024,0.0013760350999129207,0.0002998213335017082,0.00041419663091256593,8.545741538916155e-05,0.0013562842897655476,-1.1438141150012067,1.25e-05,338859.61199999996,579612.31083
NEAR/USDT,0.0007520674784132392,0.0012450595922965095,0.00062467083223356,0.0006113071630969427,0.0007623907364853836,0.0012078778277044898,0.00034025906908044333,0.00031464006283480863,7.42153833614394e-05,0.0005344127729945108,-1.1704123281700218,-8.72e-06,6660182.279100001,8701928.40466
XAI/USDT,0.0008358449481653659,0.0017194202354037817,0.0005981172743563997,0.000547705126586734,0.0011428609019774334,0.0020813111128404485,0.0004926769318188729,0.00047342794332466275,0.0006829606848011708,0.001615295153022946,-1.1828103230217837,1.25e-05,729344.2864399999,1189023.256566
USTC/USDT,-0.00031465986853547565,0.0012928890447097144,0.000697622357734959,0.0006092894668573514,0.00045891471685760994,0.001888838126702224,0.0002536861232081481,0.000368483558898082,0.00034456716130044283,0.0016810245298106785,-1.1968976688553516,1.25e-05,491900.60897000006,232678.130523
APT/USDT,0.0009738299931896626,0.0014180130940416814,0.000686986258483651,0.0006983961747719985,0.0004295773556188117,0.0008230283467898223,0.00032276921573116594,0.0003440523257235244,0.0007333461753642118,0.0010416284846235693,-1.2093836148897268,-1.52e-05,18687196.659879997,33712954.65126
XLM/USDT,0.00010177897430593804,0.0005227455330021885,0.0005224795707710554,0.00045810265061358335,-0.0001310117557622414,0.00023036107284273022,0.00018076469209506464,0.00012982052726913168,-0.0002151035795806562,4.7844306814628924e-05,-1.3020739675319728,1.25e-05,1696297.31404,3426946.54637
SEI/USDT,0.0005407234958322319,0.0009855893579677334,0.0006114764260943951,0.0005972403884152317,0.00042391188378787,0.0008344059875674451,0.000340888175878068,0.00039402822877949973,0.000258801639943876,0.0005349841377053975,-1.3148308164845355,-8.42e-06,7224124.124480001,24408628.69187
ZETA/USDT,0.0003114690518951248,0.001162287305878514,0.0006117895806988234,0.0006195522620372818,0.00027849016186293603,0.0011513418529636925,0.0005512541957945029,0.0004875331583500847,0.00041403153177585266,0.0012567018609797467,-1.3472477546988224,1.25e-05,638474.6860920001,703943.815235
ALT/USDT,-0.0004459325308981911,0.0005246233090472235,0.0005882197453040316,0.0006049113140819339,5.1084913238508755e-05,0.001140588854905062,0.0004459148769911971,0.00031133434159744274,0.00012083067994818664,0.0012095162686099272,-1.4015032852836282,1.065e-05,470534.883,2316685.63179
MEME/USDT,0.0002660859346105587,0.0012725329237266185,0.00053954202915585,0.0005014807725785104,0.0002657438360921365,0.0013250241665965594,0.0002839743084538364,0.00028344280744941545,0.000603711541203485,0.0015101491846875104,-1.4621586269372058,1.25e-05,1079809.493364,2528316.024482
SNX/USDT,0.0005186821472045685,0.0017415544850074235,0.0006219612617862042,0.0005646521540702491,0.0007403092995554311,0.0020261159041673822,0.0004240033070254893,0.00034428133562253605,0.0010399865036259948,0.0024983777258289672,-1.4659823838776473,1.25e-05,1357588.0836,768709.32815
COMP/USDT,0.00016497054802027091,0.0015631616371695359,0.0006130259896701464,0.0006254213731258452,4.403714616758675e-05,0.0013708943979480913,0.00036020422817904064,0.00047200827081036995,9.389010472879901e-05,0.0016917465324688139,-1.4770382099127837,1.25e-05,1137110.5243999998,1856511.13312
TRX/USDT,0.00032010229553074815,0.0006376754732272355,0.0006021074382912958,0.0006259682141133947,0.0003153166626291592,0.000619185430778642,0.00020333250819064725,0.00025611173997607374,0.0004577810681948887,0.000810102799738834,-1.5074419782963175,1.25e-05,9499862.8064,8973016.60155
TNSR/USDT,0.0008719029486770791,0.0020596788545157838,0.0007149828089084866,0.000661360977845442,0.0005737419069327626,0.0018654530523301985,0.00039254368067895295,0.0004081110262964537,0.0004282743843241172,0.001747698206009136,-1.5203376303459823,4.8e-06,1176379.096738,1471265.59011
MERL/USDT,-0.00034673561416801,0.002332687315194643,0.0008551133032485269,0.0005502230812230476,-0.0003689248905383097,0.0017273842253220835,0.00031350208208135355,0.0002759947814507083,-8.99942561068658e-05,0.0015601121803464973,-1.6384543578357011,1.25e-05,224529.4624,173966.78722
CATI/USDT,-0.00014945799816647412,0.0008174876972847219,0.000600270831936948,0.0005585645009625971,9.076008931345345e-05,0.001219570264671877,0.000322158412317242,0.00042708198569305094,0.00016260777062518316,0.0014849770253416957,-1.663976858474956,1.25e-05,192455.8654,560437.80758
STG/USDT,-2.7680813960613228e-05,0.0010054359397923057,0.0006345353711719764,0.0004867654284532644,0.00011057286727319682,0.0011410690170015508,0.0002239806579730678,0.00023950490221879558,0.00031439731311174417,0.001687161677695667,-1.6744779735285278,1.25e-05,457823.41224,475418.05744
OMNI/USDT,-0.0010932192153532165,5.786843413906694e-05,0.00041722909546351884,0.00036942032167426846,-0.0009072480166050964,0.00018299875269659407,0.00033253819682762284,0.00025565893421563034,-0.0008142949703849744,0.00016302467849846843,-1.777236544358136,8.25e-06,333636.95134,485552.224841
CRV/USDT,-0.0003566493079989336,0.0007402560830902132,0.0007243861623279712,0.0006621817486044157,-0.00016669252517035422,0.0008409968091468939,0.0006215518939415338,0.0005158876864875595,-9.300887462741828e-05,0.0008374066170059827,-1.8308764476738342,1.25e-05,10803713.407,18497476.02072399
ETHFI/USDT,-0.0014882395313727092,-0.0006363295513829251,0.0004403109546010148,0.0004773835455624625,-0.0014074861519943564,-0.00045233639307294357,0.00041682536114151357,0.0004375924232404027,-0.00149093974720348,-0.0006186382565783728,-1.8805053015237159,1.22e-05,2909278.16694,2495454.36278
CYBER/USDT,-0.0008028157492193781,0.0006031359579121965,0.000739897861146371,0.0005874181752156226,-0.0007032932765949641,0.0006130196974466192,0.00045863935718060714,0.00041525312970258426,-0.00022937007773363288,0.001356738312590598,-2.043487106477301,1.25e-05,305534.4,208950.73092
MYRO/USDT,4.354249223755776e-05,0.0016223365097196474,0.0005609550997112409,0.0005154645354366247,0.00010776897531224212,0.0016031928407279892,0.0003748071317224843,0.00032186168030596353,0.0003448174945240052,0.0016181193766341385,-2.092658390214616,1.25e-05,370432.52344,714093.737544
ONDO/USDT,-0.0011358940713795942,-0.0005575970692150415,0.0006843568425233093,0.0007069891029113291,-0.0005229839036265989,0.0002140867571880115,0.0003760870278978987,0.0003462241804996655,0.0004187133008951439,0.0011170743486233609,-2.1418311424121677,-7.581e-05,15115589.4696,28933172.87939999
HMSTR/USDT,-0.0016419048048914187,0.002149347820512777,0.0009546470777352686,0.0009380626598508544,-0.0018329557029882692,0.0018585236331999954,0.0008678802017614387,0.001018833313371223,-0.0026548966369797063,0.0008875490028476712,-2.248322374082879,1.25e-05,579297.58354,502148.878972
IO/USDT,-3.266969322289905e-05,0.0006759857048282565,0.0006773045374486905,0.0006119048751068046,7.362903323876615e-05,0.0008146269866150699,0.00041201206784485003,0.0004299333836500455,-0.0003554556548775177,0.0003048477550783947,-2.2640398920451528,-1.637e-05,1097575.22316,2421016.89714
ENA/USDT,0.00042771808459336736,0.000984762548834106,0.0008112243616643284,0.0007720634151970647,-8.068862883430835e-05,0.0004495803440817114,0.0003804332647367222,0.00035867275683782514,0.00040179056126528925,0.0011256134074913782,-2.4249769884096963,-2.795e-05,73386755.48380001,84262410.64819999
UMA/USDT,-0.0007347391952764056,0.0008410348085359586,0.0006504891915084289,0.0005638883670755224,-0.001101044015316018,0.0012066904071800187,0.0003635463732493587,0.00042103562732887276,-0.0007370773737181782,0.0016758469148893992,-2.477731641042471,1.25e-05,199801.22295999998,438336.46093
ZEN/USDT,-0.0005089537207501959,0.001317581094653032,0.0006782840797593464,0.0005135364837109708,-0.00046447851847518585,0.001120903688947949,0.0008082329896985981,0.0007731046094166049,0.0006545025206004671,0.0018507611652836243,-2.6697581083260324,-3.087e-05,448595.87226,766146.8627
MAVIA/USDT,-0.000267893938182354,0.0018510407451622446,0.0017838511448382186,0.0017087470564829616,0.0003885812360201822,0.003747087476829271,0.003456584771229972,0.0027260773080074255,0.0033895821063231737,0.003885292744158238,-2.799466577019485,-1.115e-05,617991.55684,161659.93988
GMT/USDT,-0.0012390424840056792,-0.00035104017217681507,0.0007613360419673551,0.0007112605664127869,-0.0006621714787970028,0.00024819552415047307,0.00035905985255973934,0.0003447432776922464,-0.0008951896990896784,-0.00015807063863448938,-2.9211277367892916,-0.00011827,1003034.1838,1549191.76182
BLAST/USDT,9.204042457358986e-05,0.0011850579002366394,0.0008163739385370007,0.0007081032969719531,9.5203628842205e-05,0.0011628528326673522,0.00041669534859857716,0.0004098503766160662,0.00036160716440590047,0.0012662814533831372,-3.100036602999004,-3.544e-05,1032437.1732440001,529368.603359
RDNT/USDT,-0.0018350329610846165,0.000424771189189639,0.0007068871214481112,0.0007126976446535059,-0.0020259374443042668,0.00016608938475717825,0.0004734700152960573,0.0004918362609826264,-0.0026838356448757963,0.00015524056719631415,-3.4017644064971178,-4.896e-05,1176450.8982880001,466430.022782
